Domain Code,Domain,Area Code,Area,Element Code,Element,Item Code,Item,Year Code,Year,Unit,Value,Flag,Flag Description
"QC","Crops","100","India","5312","Area harvested","44","Barley","2007","2007","ha","646200","","Official data"
"QC","Crops","100","India","5312","Area harvested","44","Barley","2008","2008","ha","602600","","Official data"
"QC","Crops","100","India","5312","Area harvested","44","Barley","2009","2009","ha","705700","","Official data"
"QC","Crops","100","India","5312","Area harvested","44","Barley","2010","2010","ha","623800","","Official data"
"QC","Crops","100","India","5312","Area harvested","44","Barley","2011","2011","ha","705400","","Official data"
"QC","Crops","100","India","5312","Area harvested","44","Barley","2012","2012","ha","643000","","Official data"
"QC","Crops","100","India","5312","Area harvested","44","Barley","2013","2013","ha","695000","","Official data"
"QC","Crops","100","India","5312","Area harvested","44","Barley","2014","2014","ha","673500","","Official data"
"QC","Crops","100","India","5312","Area harvested","44","Barley","2015","2015","ha","707000","","Official data"
"QC","Crops","100","India","5312","Area harvested","44","Barley","2016","2016","ha","590000","","Official data"
"QC","Crops","100","India","5419","Yield","44","Barley","2007","2007","hg/ha","20582","Fc","Calculated data"
"QC","Crops","100","India","5419","Yield","44","Barley","2008","2008","hg/ha","19914","Fc","Calculated data"
"QC","Crops","100","India","5419","Yield","44","Barley","2009","2009","hg/ha","23935","Fc","Calculated data"
"QC","Crops","100","India","5419","Yield","44","Barley","2010","2010","hg/ha","21717","Fc","Calculated data"
"QC","Crops","100","India","5419","Yield","44","Barley","2011","2011","hg/ha","23574","Fc","Calculated data"
"QC","Crops","100","India","5419","Yield","44","Barley","2012","2012","hg/ha","25194","Fc","Calculated data"
"QC","Crops","100","India","5419","Yield","44","Barley","2013","2013","hg/ha","25180","Fc","Calculated data"
"QC","Crops","100","India","5419","Yield","44","Barley","2014","2014","hg/ha","27171","Fc","Calculated data"
"QC","Crops","100","India","5419","Yield","44","Barley","2015","2015","hg/ha","22815","Fc","Calculated data"
"QC","Crops","100","India","5419","Yield","44","Barley","2016","2016","hg/ha","25508","Fc","Calculated data"
"QC","Crops","100","India","5510","Production","44","Barley","2007","2007","tonnes","1330000","","Official data"
"QC","Crops","100","India","5510","Production","44","Barley","2008","2008","tonnes","1200000","","Official data"
"QC","Crops","100","India","5510","Production","44","Barley","2009","2009","tonnes","1689100","","Official data"
"QC","Crops","100","India","5510","Production","44","Barley","2010","2010","tonnes","1354700","","Official data"
"QC","Crops","100","India","5510","Production","44","Barley","2011","2011","tonnes","1662900","","Official data"
"QC","Crops","100","India","5510","Production","44","Barley","2012","2012","tonnes","1620000","","Official data"
"QC","Crops","100","India","5510","Production","44","Barley","2013","2013","tonnes","1750000","","Official data"
"QC","Crops","100","India","5510","Production","44","Barley","2014","2014","tonnes","1830000","","Official data"
"QC","Crops","100","India","5510","Production","44","Barley","2015","2015","tonnes","1613000","","Official data"
"QC","Crops","100","India","5510","Production","44","Barley","2016","2016","tonnes","1505000","","Official data"
"QC","Crops","100","India","5312","Area harvested","249","Coconuts","2007","2007","ha","1940000","","Official data"
"QC","Crops","100","India","5312","Area harvested","249","Coconuts","2008","2008","ha","1903200","","Official data"
"QC","Crops","100","India","5312","Area harvested","249","Coconuts","2009","2009","ha","1895200","","Official data"
"QC","Crops","100","India","5312","Area harvested","249","Coconuts","2010","2010","ha","1895900","","Official data"
"QC","Crops","100","India","5312","Area harvested","249","Coconuts","2011","2011","ha","2070820","","Official data"
"QC","Crops","100","India","5312","Area harvested","249","Coconuts","2012","2012","ha","2137000","","Official data"
"QC","Crops","100","India","5312","Area harvested","249","Coconuts","2013","2013","ha","2159000","","Official data"
"QC","Crops","100","India","5312","Area harvested","249","Coconuts","2014","2014","ha","2140000","","Official data"
"QC","Crops","100","India","5312","Area harvested","249","Coconuts","2015","2015","ha","2164000","","Official data"
"QC","Crops","100","India","5312","Area harvested","249","Coconuts","2016","2016","ha","2155749","Im","FAO data based on imputation methodology"
"QC","Crops","100","India","5419","Yield","249","Coconuts","2007","2007","hg/ha","56155","Fc","Calculated data"
"QC","Crops","100","India","5419","Yield","249","Coconuts","2008","2008","hg/ha","53322","Fc","Calculated data"
"QC","Crops","100","India","5419","Yield","249","Coconuts","2009","2009","hg/ha","57114","Fc","Calculated data"
"QC","Crops","100","India","5419","Yield","249","Coconuts","2010","2010","hg/ha","57176","Fc","Calculated data"
"QC","Crops","100","India","5419","Yield","249","Coconuts","2011","2011","hg/ha","49642","Fc","Calculated data"
"QC","Crops","100","India","5419","Yield","249","Coconuts","2012","2012","hg/ha","49415","Fc","Calculated data"
"QC","Crops","100","India","5419","Yield","249","Coconuts","2013","2013","hg/ha","55257","Fc","Calculated data"
"QC","Crops","100","India","5419","Yield","249","Coconuts","2014","2014","hg/ha","51770","Fc","Calculated data"
"QC","Crops","100","India","5419","Yield","249","Coconuts","2015","2015","hg/ha","51801","Fc","Calculated data"
"QC","Crops","100","India","5419","Yield","249","Coconuts","2016","2016","hg/ha","51620","Fc","Calculated data"
"QC","Crops","100","India","5510","Production","249","Coconuts","2007","2007","tonnes","10894000","","Official data"
"QC","Crops","100","India","5510","Production","249","Coconuts","2008","2008","tonnes","10148300","","Official data"
"QC","Crops","100","India","5510","Production","249","Coconuts","2009","2009","tonnes","10824300","","Official data"
"QC","Crops","100","India","5510","Production","249","Coconuts","2010","2010","tonnes","10840000","","Official data"
"QC","Crops","100","India","5510","Production","249","Coconuts","2011","2011","tonnes","10280000","","Official data"
"QC","Crops","100","India","5510","Production","249","Coconuts","2012","2012","tonnes","10560000","","Official data"
"QC","Crops","100","India","5510","Production","249","Coconuts","2013","2013","tonnes","11930000","","Official data"
"QC","Crops","100","India","5510","Production","249","Coconuts","2014","2014","tonnes","11078873","","Official data"
"QC","Crops","100","India","5510","Production","249","Coconuts","2015","2015","tonnes","11209641","","Official data"
"QC","Crops","100","India","5510","Production","249","Coconuts","2016","2016","tonnes","11127898","Im","FAO data based on imputation methodology"
"QC","Crops","100","India","5312","Area harvested","242","Groundnuts, with shell","2007","2007","ha","6292000","","Official data"
"QC","Crops","100","India","5312","Area harvested","242","Groundnuts, with shell","2008","2008","ha","6164900","","Official data"
"QC","Crops","100","India","5312","Area harvested","242","Groundnuts, with shell","2009","2009","ha","5477500","","Official data"
"QC","Crops","100","India","5312","Area harvested","242","Groundnuts, with shell","2010","2010","ha","5860000","","Official data"
"QC","Crops","100","India","5312","Area harvested","242","Groundnuts, with shell","2011","2011","ha","5310000","","Official data"
"QC","Crops","100","India","5312","Area harvested","242","Groundnuts, with shell","2012","2012","ha","4770000","","Official data"
"QC","Crops","100","India","5312","Area harvested","242","Groundnuts, with shell","2013","2013","ha","5505210","","Official data"
"QC","Crops","100","India","5312","Area harvested","242","Groundnuts, with shell","2014","2014","ha","4685000","","Official data"
"QC","Crops","100","India","5312","Area harvested","242","Groundnuts, with shell","2015","2015","ha","4560000","","Official data"
"QC","Crops","100","India","5312","Area harvested","242","Groundnuts, with shell","2016","2016","ha","5800000","*","Unofficial figure"
"QC","Crops","100","India","5419","Yield","242","Groundnuts, with shell","2007","2007","hg/ha","14594","Fc","Calculated data"
"QC","Crops","100","India","5419","Yield","242","Groundnuts, with shell","2008","2008","hg/ha","11627","Fc","Calculated data"
"QC","Crops","100","India","5419","Yield","242","Groundnuts, with shell","2009","2009","hg/ha","9911","Fc","Calculated data"
"QC","Crops","100","India","5419","Yield","242","Groundnuts, with shell","2010","2010","hg/ha","14104","Fc","Calculated data"
"QC","Crops","100","India","5419","Yield","242","Groundnuts, with shell","2011","2011","hg/ha","13115","Fc","Calculated data"
"QC","Crops","100","India","5419","Yield","242","Groundnuts, with shell","2012","2012","hg/ha","9843","Fc","Calculated data"
"QC","Crops","100","India","5419","Yield","242","Groundnuts, with shell","2013","2013","hg/ha","17206","Fc","Calculated data"
"QC","Crops","100","India","5419","Yield","242","Groundnuts, with shell","2014","2014","hg/ha","15799","Fc","Calculated data"
"QC","Crops","100","India","5419","Yield","242","Groundnuts, with shell","2015","2015","hg/ha","14849","Fc","Calculated data"
"QC","Crops","100","India","5419","Yield","242","Groundnuts, with shell","2016","2016","hg/ha","11822","Fc","Calculated data"
"QC","Crops","100","India","5510","Production","242","Groundnuts, with shell","2007","2007","tonnes","9182500","","Official data"
"QC","Crops","100","India","5510","Production","242","Groundnuts, with shell","2008","2008","tonnes","7168100","","Official data"
"QC","Crops","100","India","5510","Production","242","Groundnuts, with shell","2009","2009","tonnes","5428500","","Official data"
"QC","Crops","100","India","5510","Production","242","Groundnuts, with shell","2010","2010","tonnes","8265000","","Official data"
"QC","Crops","100","India","5510","Production","242","Groundnuts, with shell","2011","2011","tonnes","6964000","","Official data"
"QC","Crops","100","India","5510","Production","242","Groundnuts, with shell","2012","2012","tonnes","4695000","","Official data"
"QC","Crops","100","India","5510","Production","242","Groundnuts, with shell","2013","2013","tonnes","9472000","","Official data"
"QC","Crops","100","India","5510","Production","242","Groundnuts, with shell","2014","2014","tonnes","7402000","","Official data"
"QC","Crops","100","India","5510","Production","242","Groundnuts, with shell","2015","2015","tonnes","6771000","","Official data"
"QC","Crops","100","India","5510","Production","242","Groundnuts, with shell","2016","2016","tonnes","6857000","*","Unofficial figure"
"QC","Crops","100","India","5312","Area harvested","780","Jute","2007","2007","ha","816000","","Official data"
"QC","Crops","100","India","5312","Area harvested","780","Jute","2008","2008","ha","785600","","Official data"
"QC","Crops","100","India","5312","Area harvested","780","Jute","2009","2009","ha","811200","","Official data"
"QC","Crops","100","India","5312","Area harvested","780","Jute","2010","2010","ha","767630","","Official data"
"QC","Crops","100","India","5312","Area harvested","780","Jute","2011","2011","ha","800000","","Official data"
"QC","Crops","100","India","5312","Area harvested","780","Jute","2012","2012","ha","800000","","Official data"
"QC","Crops","100","India","5312","Area harvested","780","Jute","2013","2013","ha","800000","","Official data"
"QC","Crops","100","India","5312","Area harvested","780","Jute","2014","2014","ha","741000","","Official data"
"QC","Crops","100","India","5312","Area harvested","780","Jute","2015","2015","ha","773000","","Official data"
"QC","Crops","100","India","5312","Area harvested","780","Jute","2016","2016","ha","765105","Im","FAO data based on imputation methodology"
"QC","Crops","100","India","5419","Yield","780","Jute","2007","2007","hg/ha","22549","Fc","Calculated data"
"QC","Crops","100","India","5419","Yield","780","Jute","2008","2008","hg/ha","22072","Fc","Calculated data"
"QC","Crops","100","India","5419","Yield","780","Jute","2009","2009","hg/ha","24920","Fc","Calculated data"
"QC","Crops","100","India","5419","Yield","780","Jute","2010","2010","hg/ha","23437","Fc","Calculated data"
"QC","Crops","100","India","5419","Yield","780","Jute","2011","2011","hg/ha","24505","Fc","Calculated data"
"QC","Crops","100","India","5419","Yield","780","Jute","2012","2012","hg/ha","23900","Fc","Calculated data"
"QC","Crops","100","India","5419","Yield","780","Jute","2013","2013","hg/ha","24300","Fc","Calculated data"
"QC","Crops","100","India","5419","Yield","780","Jute","2014","2014","hg/ha","26559","Fc","Calculated data"
"QC","Crops","100","India","5419","Yield","780","Jute","2015","2015","hg/ha","23146","Fc","Calculated data"
"QC","Crops","100","India","5419","Yield","780","Jute","2016","2016","hg/ha","24839","Fc","Calculated data"
"QC","Crops","100","India","5510","Production","780","Jute","2007","2007","tonnes","1840000","","Official data"
"QC","Crops","100","India","5510","Production","780","Jute","2008","2008","tonnes","1734000","","Official data"
"QC","Crops","100","India","5510","Production","780","Jute","2009","2009","tonnes","2021500","","Official data"
"QC","Crops","100","India","5510","Production","780","Jute","2010","2010","tonnes","1799100","","Official data"
"QC","Crops","100","India","5510","Production","780","Jute","2011","2011","tonnes","1960380","","Official data"
"QC","Crops","100","India","5510","Production","780","Jute","2012","2012","tonnes","1912000","","Official data"
"QC","Crops","100","India","5510","Production","780","Jute","2013","2013","tonnes","1944000","","Official data"
"QC","Crops","100","India","5510","Production","780","Jute","2014","2014","tonnes","1968000","","Official data"
"QC","Crops","100","India","5510","Production","780","Jute","2015","2015","tonnes","1789200","","Official data"
"QC","Crops","100","India","5510","Production","780","Jute","2016","2016","tonnes","1900433","Im","FAO data based on imputation methodology"
"QC","Crops","100","India","5312","Area harvested","79","Millet","2007","2007","ha","11695500","","Official data"
"QC","Crops","100","India","5312","Area harvested","79","Millet","2008","2008","ha","11039100","","Official data"
"QC","Crops","100","India","5312","Area harvested","79","Millet","2009","2009","ha","11002700","","Official data"
"QC","Crops","100","India","5312","Area harvested","79","Millet","2010","2010","ha","11791800","","Official data"
"QC","Crops","100","India","5312","Area harvested","79","Millet","2011","2011","ha","10680000","","Official data"
"QC","Crops","100","India","5312","Area harvested","79","Millet","2012","2012","ha","10752000","","Official data"
"QC","Crops","100","India","5312","Area harvested","79","Millet","2013","2013","ha","9179000","","Official data"
"QC","Crops","100","India","5312","Area harvested","79","Millet","2014","2014","ha","9686740","","Official data"
"QC","Crops","100","India","5312","Area harvested","79","Millet","2015","2015","ha","9116000","","Official data"
"QC","Crops","100","India","5312","Area harvested","79","Millet","2016","2016","ha","8840000","","Official data"
"QC","Crops","100","India","5419","Yield","79","Millet","2007","2007","hg/ha","10836","Fc","Calculated data"
"QC","Crops","100","India","5419","Yield","79","Millet","2008","2008","hg/ha","10301","Fc","Calculated data"
"QC","Crops","100","India","5419","Yield","79","Millet","2009","2009","hg/ha","7977","Fc","Calculated data"
"QC","Crops","100","India","5419","Yield","79","Millet","2010","2010","hg/ha","11273","Fc","Calculated data"
"QC","Crops","100","India","5419","Yield","79","Millet","2011","2011","hg/ha","11854","Fc","Calculated data"
"QC","Crops","100","India","5419","Yield","79","Millet","2012","2012","hg/ha","9998","Fc","Calculated data"
"QC","Crops","100","India","5419","Yield","79","Millet","2013","2013","hg/ha","11886","Fc","Calculated data"
"QC","Crops","100","India","5419","Yield","79","Millet","2014","2014","hg/ha","11789","Fc","Calculated data"
"QC","Crops","100","India","5419","Yield","79","Millet","2015","2015","hg/ha","12758","Fc","Calculated data"
"QC","Crops","100","India","5419","Yield","79","Millet","2016","2016","hg/ha","11629","Fc","Calculated data"
"QC","Crops","100","India","5510","Production","79","Millet","2007","2007","tonnes","12673000","","Official data"
"QC","Crops","100","India","5510","Production","79","Millet","2008","2008","tonnes","11371800","","Official data"
"QC","Crops","100","India","5510","Production","79","Millet","2009","2009","tonnes","8776800","","Official data"
"QC","Crops","100","India","5510","Production","79","Millet","2010","2010","tonnes","13293000","","Official data"
"QC","Crops","100","India","5510","Production","79","Millet","2011","2011","tonnes","12660000","","Official data"
"QC","Crops","100","India","5510","Production","79","Millet","2012","2012","tonnes","10750000","","Official data"
"QC","Crops","100","India","5510","Production","79","Millet","2013","2013","tonnes","10910000","","Official data"
"QC","Crops","100","India","5510","Production","79","Millet","2014","2014","tonnes","11420000","","Official data"
"QC","Crops","100","India","5510","Production","79","Millet","2015","2015","tonnes","11630000","","Official data"
"QC","Crops","100","India","5510","Production","79","Millet","2016","2016","tonnes","10280000","","Official data"
"QC","Crops","100","India","5312","Area harvested","339","Oilseeds nes","2007","2007","ha","360000","F","FAO estimate"
"QC","Crops","100","India","5312","Area harvested","339","Oilseeds nes","2008","2008","ha","339400","","Official data"
"QC","Crops","100","India","5312","Area harvested","339","Oilseeds nes","2009","2009","ha","375500","","Official data"
"QC","Crops","100","India","5312","Area harvested","339","Oilseeds nes","2010","2010","ha","388730","","Official data"
"QC","Crops","100","India","5312","Area harvested","339","Oilseeds nes","2011","2011","ha","310000","F","FAO estimate"
"QC","Crops","100","India","5312","Area harvested","339","Oilseeds nes","2012","2012","ha","315000","F","FAO estimate"
"QC","Crops","100","India","5312","Area harvested","339","Oilseeds nes","2013","2013","ha","298740","","Official data"
"QC","Crops","100","India","5312","Area harvested","339","Oilseeds nes","2014","2014","ha","234000","","Official data"
"QC","Crops","100","India","5312","Area harvested","339","Oilseeds nes","2015","2015","ha","252000","","Official data"
"QC","Crops","100","India","5312","Area harvested","339","Oilseeds nes","2016","2016","ha","281396","Im","FAO data based on imputation methodology"
"QC","Crops","100","India","5419","Yield","339","Oilseeds nes","2007","2007","hg/ha","3056","Fc","Calculated data"
"QC","Crops","100","India","5419","Yield","339","Oilseeds nes","2008","2008","hg/ha","3447","Fc","Calculated data"
"QC","Crops","100","India","5419","Yield","339","Oilseeds nes","2009","2009","hg/ha","2663","Fc","Calculated data"
"QC","Crops","100","India","5419","Yield","339","Oilseeds nes","2010","2010","hg/ha","2778","Fc","Calculated data"
"QC","Crops","100","India","5419","Yield","339","Oilseeds nes","2011","2011","hg/ha","3161","Fc","Calculated data"
"QC","Crops","100","India","5419","Yield","339","Oilseeds nes","2012","2012","hg/ha","3238","Fc","Calculated data"
"QC","Crops","100","India","5419","Yield","339","Oilseeds nes","2013","2013","hg/ha","3280","Fc","Calculated data"
"QC","Crops","100","India","5419","Yield","339","Oilseeds nes","2014","2014","hg/ha","3248","Fc","Calculated data"
"QC","Crops","100","India","5419","Yield","339","Oilseeds nes","2015","2015","hg/ha","2937","Fc","Calculated data"
"QC","Crops","100","India","5419","Yield","339","Oilseeds nes","2016","2016","hg/ha","3021","Fc","Calculated data"
"QC","Crops","100","India","5510","Production","339","Oilseeds nes","2007","2007","tonnes","110000","","Official data"
"QC","Crops","100","India","5510","Production","339","Oilseeds nes","2008","2008","tonnes","117000","","Official data"
"QC","Crops","100","India","5510","Production","339","Oilseeds nes","2009","2009","tonnes","100000","","Official data"
"QC","Crops","100","India","5510","Production","339","Oilseeds nes","2010","2010","tonnes","108000","","Official data"
"QC","Crops","100","India","5510","Production","339","Oilseeds nes","2011","2011","tonnes","98000","","Official data"
"QC","Crops","100","India","5510","Production","339","Oilseeds nes","2012","2012","tonnes","102000","","Official data"
"QC","Crops","100","India","5510","Production","339","Oilseeds nes","2013","2013","tonnes","98000","","Official data"
"QC","Crops","100","India","5510","Production","339","Oilseeds nes","2014","2014","tonnes","76000","","Official data"
"QC","Crops","100","India","5510","Production","339","Oilseeds nes","2015","2015","tonnes","74000","","Official data"
"QC","Crops","100","India","5510","Production","339","Oilseeds nes","2016","2016","tonnes","85000","","Official data"
"QC","Crops","100","India","5312","Area harvested","27","Rice, paddy","2007","2007","ha","43910000","","Official data"
"QC","Crops","100","India","5312","Area harvested","27","Rice, paddy","2008","2008","ha","45537400","","Official data"
"QC","Crops","100","India","5312","Area harvested","27","Rice, paddy","2009","2009","ha","41918300","","Official data"
"QC","Crops","100","India","5312","Area harvested","27","Rice, paddy","2010","2010","ha","42862400","","Official data"
"QC","Crops","100","India","5312","Area harvested","27","Rice, paddy","2011","2011","ha","44010000","","Official data"
"QC","Crops","100","India","5312","Area harvested","27","Rice, paddy","2012","2012","ha","42754000","","Official data"
"QC","Crops","100","India","5312","Area harvested","27","Rice, paddy","2013","2013","ha","44135950","","Official data"
"QC","Crops","100","India","5312","Area harvested","27","Rice, paddy","2014","2014","ha","44110000","","Official data"
"QC","Crops","100","India","5312","Area harvested","27","Rice, paddy","2015","2015","ha","43390000","","Official data"
"QC","Crops","100","India","5312","Area harvested","27","Rice, paddy","2016","2016","ha","42964980","Im","FAO data based on imputation methodology"
"QC","Crops","100","India","5419","Yield","27","Rice, paddy","2007","2007","hg/ha","32924","Fc","Calculated data"
"QC","Crops","100","India","5419","Yield","27","Rice, paddy","2008","2008","hg/ha","32509","Fc","Calculated data"
"QC","Crops","100","India","5419","Yield","27","Rice, paddy","2009","2009","hg/ha","32366","Fc","Calculated data"
"QC","Crops","100","India","5419","Yield","27","Rice, paddy","2010","2010","hg/ha","33587","Fc","Calculated data"
"QC","Crops","100","India","5419","Yield","27","Rice, paddy","2011","2011","hg/ha","35878","Fc","Calculated data"
"QC","Crops","100","India","5419","Yield","27","Rice, paddy","2012","2012","hg/ha","36909","Fc","Calculated data"
"QC","Crops","100","India","5419","Yield","27","Rice, paddy","2013","2013","hg/ha","36070","Fc","Calculated data"
"QC","Crops","100","India","5419","Yield","27","Rice, paddy","2014","2014","hg/ha","35638","Fc","Calculated data"
"QC","Crops","100","India","5419","Yield","27","Rice, paddy","2015","2015","hg/ha","36077","Fc","Calculated data"
"QC","Crops","100","India","5419","Yield","27","Rice, paddy","2016","2016","hg/ha","36950","Fc","Calculated data"
"QC","Crops","100","India","5510","Production","27","Rice, paddy","2007","2007","tonnes","144570000","","Official data"
"QC","Crops","100","India","5510","Production","27","Rice, paddy","2008","2008","tonnes","148036000","","Official data"
"QC","Crops","100","India","5510","Production","27","Rice, paddy","2009","2009","tonnes","135672992","","Official data"
"QC","Crops","100","India","5510","Production","27","Rice, paddy","2010","2010","tonnes","143963008","","Official data"
"QC","Crops","100","India","5510","Production","27","Rice, paddy","2011","2011","tonnes","157900000","","Official data"
"QC","Crops","100","India","5510","Production","27","Rice, paddy","2012","2012","tonnes","157800000","","Official data"
"QC","Crops","100","India","5510","Production","27","Rice, paddy","2013","2013","tonnes","159200000","","Official data"
"QC","Crops","100","India","5510","Production","27","Rice, paddy","2014","2014","tonnes","157200000","","Official data"
"QC","Crops","100","India","5510","Production","27","Rice, paddy","2015","2015","tonnes","156540000","","Official data"
"QC","Crops","100","India","5510","Production","27","Rice, paddy","2016","2016","tonnes","158756871","Im","FAO data based on imputation methodology"
"QC","Crops","100","India","5312","Area harvested","83","Sorghum","2007","2007","ha","8470000","","Official data"
"QC","Crops","100","India","5312","Area harvested","83","Sorghum","2008","2008","ha","7764000","","Official data"
"QC","Crops","100","India","5312","Area harvested","83","Sorghum","2009","2009","ha","7530900","","Official data"
"QC","Crops","100","India","5312","Area harvested","83","Sorghum","2010","2010","ha","7787200","","Official data"
"QC","Crops","100","India","5312","Area harvested","83","Sorghum","2011","2011","ha","7381700","","Official data"
"QC","Crops","100","India","5312","Area harvested","83","Sorghum","2012","2012","ha","6250000","","Official data"
"QC","Crops","100","India","5312","Area harvested","83","Sorghum","2013","2013","ha","6210000","","Official data"
"QC","Crops","100","India","5312","Area harvested","83","Sorghum","2014","2014","ha","5790000","","Official data"
"QC","Crops","100","India","5312","Area harvested","83","Sorghum","2015","2015","ha","6160000","","Official data"
"QC","Crops","100","India","5312","Area harvested","83","Sorghum","2016","2016","ha","5650000","","Official data"
"QC","Crops","100","India","5419","Yield","83","Sorghum","2007","2007","hg/ha","8443","Fc","Calculated data"
"QC","Crops","100","India","5419","Yield","83","Sorghum","2008","2008","hg/ha","10209","Fc","Calculated data"
"QC","Crops","100","India","5419","Yield","83","Sorghum","2009","2009","hg/ha","9621","Fc","Calculated data"
"QC","Crops","100","India","5419","Yield","83","Sorghum","2010","2010","hg/ha","8602","Fc","Calculated data"
"QC","Crops","100","India","5419","Yield","83","Sorghum","2011","2011","hg/ha","9487","Fc","Calculated data"
"QC","Crops","100","India","5419","Yield","83","Sorghum","2012","2012","hg/ha","9568","Fc","Calculated data"
"QC","Crops","100","India","5419","Yield","83","Sorghum","2013","2013","hg/ha","8502","Fc","Calculated data"
"QC","Crops","100","India","5419","Yield","83","Sorghum","2014","2014","hg/ha","9568","Fc","Calculated data"
"QC","Crops","100","India","5419","Yield","83","Sorghum","2015","2015","hg/ha","8847","Fc","Calculated data"
"QC","Crops","100","India","5419","Yield","83","Sorghum","2016","2016","hg/ha","7805","Fc","Calculated data"
"QC","Crops","100","India","5510","Production","83","Sorghum","2007","2007","tonnes","7150800","","Official data"
"QC","Crops","100","India","5510","Production","83","Sorghum","2008","2008","tonnes","7925900","","Official data"
"QC","Crops","100","India","5510","Production","83","Sorghum","2009","2009","tonnes","7245600","","Official data"
"QC","Crops","100","India","5510","Production","83","Sorghum","2010","2010","tonnes","6698200","","Official data"
"QC","Crops","100","India","5510","Production","83","Sorghum","2011","2011","tonnes","7003100","","Official data"
"QC","Crops","100","India","5510","Production","83","Sorghum","2012","2012","tonnes","5980000","","Official data"
"QC","Crops","100","India","5510","Production","83","Sorghum","2013","2013","tonnes","5280000","","Official data"
"QC","Crops","100","India","5510","Production","83","Sorghum","2014","2014","tonnes","5540000","","Official data"
"QC","Crops","100","India","5510","Production","83","Sorghum","2015","2015","tonnes","5450000","","Official data"
"QC","Crops","100","India","5510","Production","83","Sorghum","2016","2016","tonnes","4410000","","Official data"
"QC","Crops","100","India","5312","Area harvested","236","Soybeans","2007","2007","ha","8880000","","Official data"
"QC","Crops","100","India","5312","Area harvested","236","Soybeans","2008","2008","ha","9510800","","Official data"
"QC","Crops","100","India","5312","Area harvested","236","Soybeans","2009","2009","ha","9734700","","Official data"
"QC","Crops","100","India","5312","Area harvested","236","Soybeans","2010","2010","ha","9554190","","Official data"
"QC","Crops","100","India","5312","Area harvested","236","Soybeans","2011","2011","ha","10180000","","Official data"
"QC","Crops","100","India","5312","Area harvested","236","Soybeans","2012","2012","ha","10840000","","Official data"
"QC","Crops","100","India","5312","Area harvested","236","Soybeans","2013","2013","ha","11716430","","Official data"
"QC","Crops","100","India","5312","Area harvested","236","Soybeans","2014","2014","ha","11086000","","Official data"
"QC","Crops","100","India","5312","Area harvested","236","Soybeans","2015","2015","ha","11670000","","Official data"
"QC","Crops","100","India","5312","Area harvested","236","Soybeans","2016","2016","ha","11500000","*","Unofficial figure"
"QC","Crops","100","India","5419","Yield","236","Soybeans","2007","2007","hg/ha","12351","Fc","Calculated data"
"QC","Crops","100","India","5419","Yield","236","Soybeans","2008","2008","hg/ha","10415","Fc","Calculated data"
"QC","Crops","100","India","5419","Yield","236","Soybeans","2009","2009","hg/ha","10236","Fc","Calculated data"
"QC","Crops","100","India","5419","Yield","236","Soybeans","2010","2010","hg/ha","13330","Fc","Calculated data"
"QC","Crops","100","India","5419","Yield","236","Soybeans","2011","2011","hg/ha","11998","Fc","Calculated data"
"QC","Crops","100","India","5419","Yield","236","Soybeans","2012","2012","hg/ha","13530","Fc","Calculated data"
"QC","Crops","100","India","5419","Yield","236","Soybeans","2013","2013","hg/ha","10123","Fc","Calculated data"
"QC","Crops","100","India","5419","Yield","236","Soybeans","2014","2014","hg/ha","9358","Fc","Calculated data"
"QC","Crops","100","India","5419","Yield","236","Soybeans","2015","2015","hg/ha","7344","Fc","Calculated data"
"QC","Crops","100","India","5419","Yield","236","Soybeans","2016","2016","hg/ha","12181","Fc","Calculated data"
"QC","Crops","100","India","5510","Production","236","Soybeans","2007","2007","tonnes","10968000","","Official data"
"QC","Crops","100","India","5510","Production","236","Soybeans","2008","2008","tonnes","9905400","","Official data"
"QC","Crops","100","India","5510","Production","236","Soybeans","2009","2009","tonnes","9964500","","Official data"
"QC","Crops","100","India","5510","Production","236","Soybeans","2010","2010","tonnes","12736000","","Official data"
"QC","Crops","100","India","5510","Production","236","Soybeans","2011","2011","tonnes","12214000","","Official data"
"QC","Crops","100","India","5510","Production","236","Soybeans","2012","2012","tonnes","14666000","","Official data"
"QC","Crops","100","India","5510","Production","236","Soybeans","2013","2013","tonnes","11861000","","Official data"
"QC","Crops","100","India","5510","Production","236","Soybeans","2014","2014","tonnes","10374000","","Official data"
"QC","Crops","100","India","5510","Production","236","Soybeans","2015","2015","tonnes","8570000","","Official data"
"QC","Crops","100","India","5510","Production","236","Soybeans","2016","2016","tonnes","14008000","","Official data"
"QC","Crops","100","India","5312","Area harvested","156","Sugar cane","2007","2007","ha","5150000","","Official data"
"QC","Crops","100","India","5312","Area harvested","156","Sugar cane","2008","2008","ha","5055200","","Official data"
"QC","Crops","100","India","5312","Area harvested","156","Sugar cane","2009","2009","ha","4415400","","Official data"
"QC","Crops","100","India","5312","Area harvested","156","Sugar cane","2010","2010","ha","4174600","","Official data"
"QC","Crops","100","India","5312","Area harvested","156","Sugar cane","2011","2011","ha","4944390","","Official data"
"QC","Crops","100","India","5312","Area harvested","156","Sugar cane","2012","2012","ha","5090000","*","Unofficial figure"
"QC","Crops","100","India","5312","Area harvested","156","Sugar cane","2013","2013","ha","5060000","*","Unofficial figure"
"QC","Crops","100","India","5312","Area harvested","156","Sugar cane","2014","2014","ha","4990000","","Official data"
"QC","Crops","100","India","5312","Area harvested","156","Sugar cane","2015","2015","ha","5070000","","Official data"
"QC","Crops","100","India","5312","Area harvested","156","Sugar cane","2016","2016","ha","4950000","","Official data"
"QC","Crops","100","India","5419","Yield","156","Sugar cane","2007","2007","hg/ha","690330","Fc","Calculated data"
"QC","Crops","100","India","5419","Yield","156","Sugar cane","2008","2008","hg/ha","688772","Fc","Calculated data"
"QC","Crops","100","India","5419","Yield","156","Sugar cane","2009","2009","hg/ha","645535","Fc","Calculated data"
"QC","Crops","100","India","5419","Yield","156","Sugar cane","2010","2010","hg/ha","700191","Fc","Calculated data"
"QC","Crops","100","India","5419","Yield","156","Sugar cane","2011","2011","hg/ha","692466","Fc","Calculated data"
"QC","Crops","100","India","5419","Yield","156","Sugar cane","2012","2012","hg/ha","709306","Fc","Calculated data"
"QC","Crops","100","India","5419","Yield","156","Sugar cane","2013","2013","hg/ha","674308","Fc","Calculated data"
"QC","Crops","100","India","5419","Yield","156","Sugar cane","2014","2014","hg/ha","705695","Fc","Calculated data"
"QC","Crops","100","India","5419","Yield","156","Sugar cane","2015","2015","hg/ha","714661","Fc","Calculated data"
"QC","Crops","100","India","5419","Yield","156","Sugar cane","2016","2016","hg/ha","703935","Fc","Calculated data"
"QC","Crops","100","India","5510","Production","156","Sugar cane","2007","2007","tonnes","355519712","","Official data"
"QC","Crops","100","India","5510","Production","156","Sugar cane","2008","2008","tonnes","348187904","","Official data"
"QC","Crops","100","India","5510","Production","156","Sugar cane","2009","2009","tonnes","285029312","","Official data"
"QC","Crops","100","India","5510","Production","156","Sugar cane","2010","2010","tonnes","292301600","","Official data"
"QC","Crops","100","India","5510","Production","156","Sugar cane","2011","2011","tonnes","342382016","","Official data"
"QC","Crops","100","India","5510","Production","156","Sugar cane","2012","2012","tonnes","361036992","","Official data"
"QC","Crops","100","India","5510","Production","156","Sugar cane","2013","2013","tonnes","341200000","","Official data"
"QC","Crops","100","India","5510","Production","156","Sugar cane","2014","2014","tonnes","352142000","","Official data"
"QC","Crops","100","India","5510","Production","156","Sugar cane","2015","2015","tonnes","362333000","","Official data"
"QC","Crops","100","India","5510","Production","156","Sugar cane","2016","2016","tonnes","348448000","","Official data"
"QC","Crops","100","India","5312","Area harvested","667","Tea","2007","2007","ha","567020","","Official data"
"QC","Crops","100","India","5312","Area harvested","667","Tea","2008","2008","ha","578458","","Official data"
"QC","Crops","100","India","5312","Area harvested","667","Tea","2009","2009","ha","579000","","Official data"
"QC","Crops","100","India","5312","Area harvested","667","Tea","2010","2010","ha","579000","","Official data"
"QC","Crops","100","India","5312","Area harvested","667","Tea","2011","2011","ha","600000","","Official data"
"QC","Crops","100","India","5312","Area harvested","667","Tea","2012","2012","ha","605000","F","FAO estimate"
"QC","Crops","100","India","5312","Area harvested","667","Tea","2013","2013","ha","563980","","Official data"
"QC","Crops","100","India","5312","Area harvested","667","Tea","2014","2014","ha","604000","F","FAO estimate"
"QC","Crops","100","India","5312","Area harvested","667","Tea","2015","2015","ha","566660","","Official data"
"QC","Crops","100","India","5312","Area harvested","667","Tea","2016","2016","ha","585907","Im","FAO data based on imputation methodology"
"QC","Crops","100","India","5419","Yield","667","Tea","2007","2007","hg/ha","17160","Fc","Calculated data"
"QC","Crops","100","India","5419","Yield","667","Tea","2008","2008","hg/ha","17063","Fc","Calculated data"
"QC","Crops","100","India","5419","Yield","667","Tea","2009","2009","hg/ha","16800","Fc","Calculated data"
"QC","Crops","100","India","5419","Yield","667","Tea","2010","2010","hg/ha","17119","Fc","Calculated data"
"QC","Crops","100","India","5419","Yield","667","Tea","2011","2011","hg/ha","18258","Fc","Calculated data"
"QC","Crops","100","India","5419","Yield","667","Tea","2012","2012","hg/ha","18761","Fc","Calculated data"
"QC","Crops","100","India","5419","Yield","667","Tea","2013","2013","hg/ha","21433","Fc","Calculated data"
"QC","Crops","100","India","5419","Yield","667","Tea","2014","2014","hg/ha","19989","Fc","Calculated data"
"QC","Crops","100","India","5419","Yield","667","Tea","2015","2015","hg/ha","21762","Fc","Calculated data"
"QC","Crops","100","India","5419","Yield","667","Tea","2016","2016","hg/ha","21372","Fc","Calculated data"
"QC","Crops","100","India","5510","Production","667","Tea","2007","2007","tonnes","973000","","Official data"
"QC","Crops","100","India","5510","Production","667","Tea","2008","2008","tonnes","987000","","Official data"
"QC","Crops","100","India","5510","Production","667","Tea","2009","2009","tonnes","972700","","Official data"
"QC","Crops","100","India","5510","Production","667","Tea","2010","2010","tonnes","991182","","Official data"
"QC","Crops","100","India","5510","Production","667","Tea","2011","2011","tonnes","1095460","","Official data"
"QC","Crops","100","India","5510","Production","667","Tea","2012","2012","tonnes","1135070","","Official data"
"QC","Crops","100","India","5510","Production","667","Tea","2013","2013","tonnes","1208780","","Official data"
"QC","Crops","100","India","5510","Production","667","Tea","2014","2014","tonnes","1207310","","Official data"
"QC","Crops","100","India","5510","Production","667","Tea","2015","2015","tonnes","1233140","","Official data"
"QC","Crops","100","India","5510","Production","667","Tea","2016","2016","tonnes","1252174","Im","FAO data based on imputation methodology"
"QC","Crops","100","India","5312","Area harvested","15","Wheat","2007","2007","ha","27994500","","Official data"
"QC","Crops","100","India","5312","Area harvested","15","Wheat","2008","2008","ha","28038600","","Official data"
"QC","Crops","100","India","5312","Area harvested","15","Wheat","2009","2009","ha","27752400","","Official data"
"QC","Crops","100","India","5312","Area harvested","15","Wheat","2010","2010","ha","28457400","","Official data"
"QC","Crops","100","India","5312","Area harvested","15","Wheat","2011","2011","ha","29068600","","Official data"
"QC","Crops","100","India","5312","Area harvested","15","Wheat","2012","2012","ha","29860000","","Official data"
"QC","Crops","100","India","5312","Area harvested","15","Wheat","2013","2013","ha","29650000","","Official data"
"QC","Crops","100","India","5312","Area harvested","15","Wheat","2014","2014","ha","30470000","","Official data"
"QC","Crops","100","India","5312","Area harvested","15","Wheat","2015","2015","ha","31470000","","Official data"
"QC","Crops","100","India","5312","Area harvested","15","Wheat","2016","2016","ha","30230000","","Official data"
"QC","Crops","100","India","5419","Yield","15","Wheat","2007","2007","hg/ha","27079","Fc","Calculated data"
"QC","Crops","100","India","5419","Yield","15","Wheat","2008","2008","hg/ha","28022","Fc","Calculated data"
"QC","Crops","100","India","5419","Yield","15","Wheat","2009","2009","hg/ha","29071","Fc","Calculated data"
"QC","Crops","100","India","5419","Yield","15","Wheat","2010","2010","hg/ha","28395","Fc","Calculated data"
"QC","Crops","100","India","5419","Yield","15","Wheat","2011","2011","hg/ha","29886","Fc","Calculated data"
"QC","Crops","100","India","5419","Yield","15","Wheat","2012","2012","hg/ha","31775","Fc","Calculated data"
"QC","Crops","100","India","5419","Yield","15","Wheat","2013","2013","hg/ha","31538","Fc","Calculated data"
"QC","Crops","100","India","5419","Yield","15","Wheat","2014","2014","hg/ha","31457","Fc","Calculated data"
"QC","Crops","100","India","5419","Yield","15","Wheat","2015","2015","hg/ha","27496","Fc","Calculated data"
"QC","Crops","100","India","5419","Yield","15","Wheat","2016","2016","hg/ha","30930","Fc","Calculated data"
"QC","Crops","100","India","5510","Production","15","Wheat","2007","2007","tonnes","75806704","","Official data"
"QC","Crops","100","India","5510","Production","15","Wheat","2008","2008","tonnes","78570200","","Official data"
"QC","Crops","100","India","5510","Production","15","Wheat","2009","2009","tonnes","80679400","","Official data"
"QC","Crops","100","India","5510","Production","15","Wheat","2010","2010","tonnes","80803600","","Official data"
"QC","Crops","100","India","5510","Production","15","Wheat","2011","2011","tonnes","86874000","","Official data"
"QC","Crops","100","India","5510","Production","15","Wheat","2012","2012","tonnes","94880000","","Official data"
"QC","Crops","100","India","5510","Production","15","Wheat","2013","2013","tonnes","93510000","","Official data"
"QC","Crops","100","India","5510","Production","15","Wheat","2014","2014","tonnes","95850000","","Official data"
"QC","Crops","100","India","5510","Production","15","Wheat","2015","2015","tonnes","86530000","","Official data"
"QC","Crops","100","India","5510","Production","15","Wheat","2016","2016","tonnes","93500000","","Official data"
